time,altitude,latitude,longitude,atmosphereDensity,dynamicPressure,totalAirTemp,staticAirTemp,speed,acceleration,jerk,gForce
56.260000001228036,31804973276.96658,-18.118900873048,130.67268307861056,0.0,0.0,4.0,4.0,439513.6288120066,439513.6288120066,439513.6288120066,44802.61251906285
57.40000000125292,31804966826.342148,-18.118903196732415,130.67179077045466,0.0,0.0,4.0,4.0,439513.52771918965,-0.10109281697077677,-439513.7299048236,-0.010305078182546052
58.420000001275184,31804960951.665627,-18.118905351422136,130.67094803497702,0.0,0.0,4.0,4.0,439513.4403338618,-0.0873853278462775,0.013707489124499261,-0.008907780616338176
59.44000000129745,31804955076.98899,-18.118907506106503,130.67010529949843,0.0,0.0,4.0,4.0,439513.4027118373,-0.0376220244797878,0.04976330336648971,-0.0038350687543106826
60.48000000132015,31804949087.211292,-18.118909702112784,130.66924603920327,0.0,0.0,4.0,4.0,439513.83096052334,0.42824868601746857,0.46587071049725637,0.043654300307591085
61.500000001342414,31804943212.7697,-18.118911854342304,130.66840330215683,0.0,0.0,4.0,4.0,439514.2510781954,0.4201176720671356,-0.008131013950333,0.04282545077136958
62.52000000136468,31804937338.441143,-18.118914005391066,130.66756056435628,0.0,0.0,4.0,4.0,439514.32298499066,0.07190679525956511,-0.34821087680757046,0.007329948548375648
63.54000000138694,31804931464.118244,-18.11891615635974,130.66671782650715,0.0,0.0,4.0,4.0,439514.2356159012,-0.08736908948048949,-0.1592758847400546,-0.008906125329305759
64.56000000140921,31804925589.756718,-18.11891830732783,130.66587508866715,0.0,0.0,4.0,4.0,439514.13930978766,-0.09630611352622509,-0.008937024045735598,-0.009817136954763005
65.56000000143104,31804919830.554066,-18.118920416126233,130.66504887510945,0.0,0.0,4.0,4.0,439514.06292110967,-0.07638867798959836,0.019917435536626726,-0.007786817328195551
66.60000000145374,31804913840.967194,-18.118922609237984,130.6641896129912,0.0,0.0,4.0,4.0,439513.9802031513,-0.08271795837208629,-0.006329280382487923,-0.008432003911527654
67.620000001476,31804907966.54301,-18.11892476016052,130.66334687514245,0.0,0.0,4.0,4.0,439513.89337731246,-0.08682583883637562,-0.004107880464289337,-0.008850748097489869
68.64000000149827,31804902092.1109,-18.118926911081193,130.66250413729634,0.0,0.0,4.0,4.0,439513.8058479007,-0.08752941177226603,-0.0007035729358904064,-0.008922468070567383
69.6400000015201,31804896332.86257,-18.11892901982733,130.66167792372454,0.0,0.0,4.0,4.0,439513.72025373514,-0.0855941655463539,0.001935246225912124,-0.008725195264664006
70.66000000154236,31804890458.428547,-18.118931170748898,130.66083518588405,0.0,0.0,4.0,4.0,439513.632881667,-0.08737206814112142,-0.0017779025947675109,-0.008906428964436433
71.68000000156462,31804884583.99385,-18.118933321670966,130.6599924480464,0.0,0.0,4.0,4.0,439513.54550959053,-0.08737207646481693,-8.32369551062584e-09,-0.008906429812927311
72.70000000158689,31804878709.55847,-18.11893547259356,130.65914971021158,0.0,0.0,4.0,4.0,439513.4581375021,-0.08737208845559508,-1.1990778148174286e-08,-0.008906431035228856
73.70000000160871,31804872950.307453,-18.11893758134169,130.65832349665087,0.0,0.0,4.0,4.0,439513.3724785833,-0.08565891877515242,0.001713169680442661,-0.008731796001544589
74.72000000163098,31804867075.87074,-18.1189397322653,130.6574807588217,0.0,0.0,4.0,4.0,439513.2851064777,-0.08737210562685505,-0.0017131868517026305,-0.008906432785612135
75.7200000016528,31804861316.618412,-18.118941841014447,130.6566545452664,0.0,0.0,4.0,4.0,439513.19944754214,-0.08565893553895876,0.0017131700878962874,-0.00873179771039335
76.76000000167551,31804855326.993576,-18.118944034138458,130.65579528318747,0.0,0.0,4.0,4.0,439513.033559081,-0.16588846110971645,-0.08022952557075769,-0.016910138747167833
77.78000000169777,31804849452.503414,-18.118946185792907,130.65495254583428,0.0,0.0,4.0,4.0,439512.6421823625,-0.39137671852950007,-0.22548825741978362,-0.039895689962232424
78.80000000172004,31804843577.983063,-18.11894833786607,130.654109808752,0.0,0.0,4.0,4.0,439512.55480608577,-0.08737627672962844,0.3040004417998716,-0.008906857974477924
79.8200000017423,31804837703.46202,-18.118950489939756,130.6532670716726,0.0,0.0,4.0,4.0,439512.4674297987,-0.08737628709059209,-1.0360963642597198e-08,-0.008906859030641395
80.84000000176457,31804831828.9403,-18.11895264201395,130.65242433459602,0.0,0.0,4.0,4.0,439512.38005350175,-0.08737629692768678,-9.837094694375992e-09,-0.008906860033403342
81.86000000178683,31804825954.41792,-18.118954794088655,130.65158159752227,0.0,0.0,4.0,4.0,439512.29267719405,-0.08737630769610405,-1.076841726899147e-08,-0.00890686113110133
82.8800000018091,31804820079.89487,-18.118956946163873,130.65073886045136,0.0,0.0,4.0,4.0,439512.2053008781,-0.0873763159615919,-8.265487849712372e-09,-0.008906861973658704
83.88000000183092,31804814320.557865,-18.11895905604205,130.6499126476395,0.0,0.0,4.0,4.0,439512.11963781266,-0.08566306543070823,0.0017132505308836699,-0.008732218698339268
84.92000000185362,31804808330.846706,-18.11896125031588,130.64905338631806,0.0,0.0,4.0,4.0,439512.03054821544,-0.08908959722612053,-0.003426531795412302,-0.009081508381867536
85.94000000187589,31804802456.321625,-18.118963402392637,130.6482106492557,0.0,0.0,4.0,4.0,439511.9431718704,-0.0873763450072147,0.0017132522189058363,-0.008906864934476523
86.94000000189772,31804796696.98265,-18.11896551227232,130.6473844364522,0.0,0.0,4.0,4.0,439511.8575087774,-0.0856630930211395,0.0017132519860751927,-0.00873222151081952
87.96000000191998,31804790822.4562,-18.11896766435012,130.6465416993954,0.0,0.0,4.0,4.0,439511.77013241366,-0.08737636375008151,-0.0017132707289420068,-0.008906866845064374
88.98000000194224,31804784947.929092,-18.118969816428425,130.6456989623415,0.0,0.0,4.0,4.0,439511.6827560387,-0.08737637498416007,-1.123407855629921e-08,-0.008906867990230383
89.96000000196364,31804779188.58813,-18.118971926309637,130.64487274954627,0.0,0.0,4.0,4.0,439511.59709291795,-0.0856631207279861,0.0017132542561739683,-0.008732224335166778
91.00000000198634,31804773314.0597,-18.118974078388952,130.64403001249798,0.0,0.0,4.0,4.0,439511.5097165245,-0.08737639343598858,-0.0017132727080024779,-0.00890686987115072
92.0200000020086,31804767439.530575,-18.11897623046881,130.6431872754525,0.0,0.0,4.0,4.0,439511.42234012164,-0.08737640286562964,-9.42964106798172e-09,-0.008906870832378148
93.04000000203087,31804761565.00077,-18.118978382549184,130.64234453840987,0.0,0.0,4.0,4.0,439511.3349637088,-0.08737641281913966,-9.953510016202927e-09,-0.0089068718470071
94.06000000205313,31804755690.470303,-18.118980534630065,130.64150180137008,0.0,0.0,4.0,4.0,439511.2475872867,-0.0873764221323654,-9.313225746154785e-09,-0.008906872796367524
95.0800000020754,31804749815.93914,-18.11898268671147,130.6406590643331,0.0,0.0,4.0,4.0,439511.16021085694,-0.08737642975756899,-7.62520357966423e-09,-0.00890687357365637
96.10000000209766,31804743941.407314,-18.11898483879341,130.63981632729903,0.0,0.0,4.0,4.0,439511.0728344154,-0.08737644151551649,-1.1757947504520416e-08,-0.008906874772223903
97.12000000211992,31804738066.87481,-18.118986990875847,130.63897359026774,0.0,0.0,4.0,4.0,439510.9854579625,-0.08737645292421803,-1.1408701539039612e-08,-0.00890687593519042
98.12000000214175,31804732307.528553,-18.1189891007611,130.63814737749473,0.0,0.0,4.0,4.0,439510.8997947672,-0.08566319529199973,0.0017132576322183013,-0.008732231935983662
99.14000000216402,31804726432.994728,-18.118991252844545,130.6373046404691,0.0,0.0,4.0,4.0,439510.8124182979,-0.08737646928057075,-0.001713273988571018,-0.008906877602504663
100.16000000218628,31804720558.46021,-18.11899340492853,130.6364619034463,0.0,0.0,4.0,4.0,439510.72504181584,-0.08737648208625615,-1.280568540096283e-08,-0.008906878907875244
101.18000000220854,31804714683.92503,-18.118995557013033,130.63561916642635,0.0,0.0,4.0,4.0,439510.6376653285,-0.08737648732494563,-5.238689482212067e-09,-0.008906879441890482
102.20000000223081,31804708809.389183,-18.11899770909802,130.63477642940927,0.0,0.0,4.0,4.0,439510.55028882937,-0.0873764991411008,-1.1816155165433884e-08,-0.008906880646391517
103.22000000225307,31804702934.85257,-18.118999861189774,130.63393369238355,0.0,0.0,4.0,4.0,439510.47333876573,-0.07695006363792345,0.010426435503177345,-0.00784404318429393
104.24000000227534,31804697060.31649,-18.119002013282316,130.63309095536582,0.0,0.0,4.0,4.0,439510.3745490873,-0.0987896784208715,-0.021839614782948047,-0.010070303610690265
105.2600000022976,31804691185.778847,-18.11900416537255,130.6322482183593,0.0,0.0,4.0,4.0,439510.2880129551,-0.08653613220667467,0.012253546214196831,-0.008821216330955622
106.28000000231987,31804685311.239235,-18.11900631746355,130.6314054813542,0.0,0.0,4.0,4.0,439510.2000933515,-0.08791960362577811,-0.0013834714191034436,-0.008962242979182274
107.2800000023417,31804679551.886322,-18.119008427357056,130.63057926860742,0.0,0.0,4.0,4.0,439510.1144773202,-0.08561603125417605,0.0023035723716020584,-0.008727424184931299
108.30000000236396,31804673677.34566,-18.119010579448947,130.62973653160853,0.0,0.0,4.0,4.0,439510.02710074035,-0.08737657987512648,-0.0017605486209504306,-0.008906888876159681
109.34000000238666,31804667687.617264,-18.119012773739236,130.62887727035772,0.0,0.0,4.0,4.0,439509.9380108891,-0.08908985124435276,-0.0017132713692262769,-0.009081534275673063
110.36000000240892,31804661813.075245,-18.119014925832143,130.6280345333646,0.0,0.0,4.0,4.0,439509.85063429025,-0.08737659885082394,0.001713252393528819,-0.008906890810481542
111.38000000243119,31804655938.532566,-18.11901707792558,130.62719179637426,0.0,0.0,4.0,4.0,439509.76325768395,-0.08737660630140454,-7.450580596923828e-09,-0.00890689156996988
112.38000000245302,31804650179.172943,-18.11901918790775,130.6263655836677,0.0,0.0,4.0,4.0,439509.6122383918,-0.15101929212687537,-0.06364268582547083,-0.015394423254523483
113.40000000247528,31804644304.59516,-18.119021340853273,130.6255228469412,0.0,0.0,4.0,4.0,439509.4188224519,-0.19341593992430717,-0.0423966477974318,-0.0197162018271465
114.42000000249755,31804638430.006794,-18.119023494047283,130.62468011029225,0.0,0.0,4.0,4.0,439509.3314423685,-0.08738008339423686,0.1060358565300703,-0.008907246013683676
115.44000000251981,31804632555.41775,-18.11902564724181,130.6238373736461,0.0,0.0,4.0,4.0,439509.24406227504,-0.0873800934641622,-1.0069925338029861e-08,-0.008907247040179632
116.48000000254251,31804626565.640007,-18.119027842656372,130.62297811275494,0.0,0.0,4.0,4.0,439509.15496883704,-0.08909343800041825,-0.001713344536256045,-0.009081899898105835
117.50000000256478,31804620691.049625,-18.11902999585194,130.62213537611456,0.0,0.0,4.0,4.0,439509.067588725,-0.08738011203240603,0.0017133259680122137,-0.008907248932966976
118.52000000258704,31804614816.458557,-18.119032149048007,130.62129263947705,0.0,0.0,4.0,4.0,439508.9802086035,-0.08738012152025476,-9.487848728895187e-09,-0.008907249900127905
119.5400000026093,31804608941.866802,-18.119034302244614,130.62044990284232,0.0,0.0,4.0,4.0,439508.89282847283,-0.08738013065885752,-9.138602763414383e-09,-0.008907250831687821
120.56000000263157,31804603067.27438,-18.11903645544173,130.61960716621047,0.0,0.0,4.0,4.0,439508.80544833,-0.08738014282425866,-1.2165401130914688e-08,-0.008907252071789872
121.58000000265383,31804597192.681282,-18.119038608639364,130.61876442958146,0.0,0.0,4.0,4.0,439508.7180681803,-0.08738014969276264,-6.868503987789154e-09,-0.008907252771943184
122.58000000267566,31804591433.275623,-18.119040719617935,130.61793821720278,0.0,0.0,4.0,4.0,439508.6324013563,-0.08566682401578873,0.0017133256769739091,-0.008732601836471838
123.60000000269793,31804585558.6812,-18.119042872816586,130.61709548057942,0.0,0.0,4.0,4.0,439508.54502118815,-0.08738016814459115,-0.0017133441288024187,-0.008907254652863522
124.62000000272019,31804579684.08456,-18.119045026058643,130.61625274396997,0.0,0.0,4.0,4.0,439508.4270663782,-0.11795480997534469,-0.030574641830753535,-0.01202393577730323
125.64000000274245,31804573809.47036,-18.119047179775702,130.6154100074855,0.0,0.0,4.0,4.0,439508.2625118683,-0.16455450985813513,-0.046599699882790446,-0.01677416002631347
126.66000000276472,31804567934.839214,-18.119049333953477,130.61456727112108,0.0,0.0,4.0,4.0,439508.1496623872,-0.11284948111278936,0.05170502874534577,-0.011503514894270067
127.68000000278698,31804562060.206177,-18.11905148816639,130.61372453476824,0.0,0.0,4.0,4.0,439508.06227906654,-0.08738332067150623,0.025466160441283137,-0.008907576011366587
128.70000000280925,31804556185.572475,-18.119053642379825,130.61288179841827,0.0,0.0,4.0,4.0,439507.97489573667,-0.08738332986831665,-9.19681042432785e-09,-0.008907576948860005
129.70000000283108,31804550426.127018,-18.11905575435428,130.6120555863132,0.0,0.0,4.0,4.0,439507.88922579604,-0.08566994062857702,0.0017133892397396266,-0.008732919534003774
130.72000000285334,31804544551.491974,-18.11905790856875,130.61121284996887,0.0,0.0,4.0,4.0,439507.8018424482,-0.08738334785448387,-0.001713407225906849,-0.00890757878231232
131.7400000028756,31804538676.85626,-18.11906006278372,130.61037011362737,0.0,0.0,4.0,4.0,439507.71445908997,-0.08738335821544752,-1.0360963642597198e-08,-0.008907579838475791
132.76000000289787,31804532802.219864,-18.11906221699921,130.60952737728869,0.0,0.0,4.0,4.0,439507.6270757237,-0.08738336624810472,-8.032657206058502e-09,-0.008907580657299156
133.78000000292013,31804526927.5828,-18.11906437121522,130.60868464095287,0.0,0.0,4.0,4.0,439507.5396923457,-0.08738337800605223,-1.1757947504520416e-08,-0.00890758185586669
134.82000000294283,31804520937.75608,-18.1190665676713,130.60782538037807,0.0,0.0,4.0,4.0,439507.45059555944,-0.08909678627969697,-0.0017134082736447453,-0.009082241210978285
135.82000000296466,31804515178.306633,-18.11906867964879,130.6069991682897,0.0,0.0,4.0,4.0,439507.3649255637,-0.08566999575123191,0.0034267905284650624,-0.008732925153030775
136.84000000298693,31804509303.66754,-18.119070833866356,130.60615643196238,0.0,0.0,4.0,4.0,439507.277542157,-0.08738340670242906,-0.0017134109511971474,-0.008907584781083491
137.8600000030092,31804503429.02778,-18.119072988084433,130.60531369563793,0.0,0.0,4.0,4.0,439507.1901587413,-0.08738341566640884,-8.96397978067398e-09,-0.008907585694842898
138.86000000303102,31804497669.57637,-18.119075100063448,130.60448748355788,0.0,0.0,4.0,4.0,439507.1044887174,-0.08567002392373979,0.001713391742669046,-0.008732928024846053
139.88000000305328,31804491794.93526,-18.11907725428255,130.60364474723903,0.0,0.0,4.0,4.0,439507.01710528164,-0.08738343574805185,-0.001713411824312061,-0.00890758774190131
140.8800000030751,31804486035.482544,-18.119079366262557,130.60281853516452,0.0,0.0,4.0,4.0,439506.93143523927,-0.0856700423755683,0.0017133933724835515,-0.008732929905766391
141.90000000309738,31804480160.840096,-18.11908152048268,130.6019757988513,0.0,0.0,4.0,4.0,439506.84405178385,-0.08738345542224124,-0.0017134130466729403,-0.008907589747425202
142.92000000311964,31804474286.19698,-18.119083674703315,130.6011330625409,0.0,0.0,4.0,4.0,439506.7566683203,-0.08738346357131377,-8.149072527885437e-09,-0.008907590578115573
143.9400000031419,31804468411.55318,-18.119085828924483,130.6002903262334,0.0,0.0,4.0,4.0,439506.66928484873,-0.08738347154576331,-7.974449545145035e-09,-0.008907591391005434
144.9800000031646,31804462421.719593,-18.119088025385807,130.59943106568744,0.0,0.0,4.0,4.0,439506.5801879637,-0.08909688505809754,-0.0017134135123342276,-0.009082251280132268
146.00000000318687,31804456547.07444,-18.119090179607998,130.59858832938562,0.0,0.0,4.0,4.0,439506.4928044727,-0.08738349098712206,0.0017133940709754825,-0.008907593372795317
147.02000000320913,31804450672.4286,-18.119092333830718,130.59774559308667,0.0,0.0,4.0,4.0,439506.4054209719,-0.08738350076600909,-9.778887033462524e-09,-0.00890759436962376
148.0400000032314,31804444797.78209,-18.11909448805396,130.59690285679054,0.0,0.0,4.0,4.0,439506.31803746015,-0.087383511767257,-1.100124791264534e-08,-0.00890759549105576
149.06000000325366,31804438923.130505,-18.119096642444273,130.59606012052353,0.0,0.0,4.0,4.0,439506.1836443022,-0.13439315796131268,-0.047009646194055676,-0.01369960835487387
150.08000000327593,31804433048.467163,-18.119098797254505,130.59521738432528,0.0,0.0,4.0,4.0,439506.09625905246,-0.08738524973159656,0.04700790822971612,-0.00890777265357763
151.1000000032982,31804427173.803146,-18.11910095206524,130.59437464812984,0.0,0.0,4.0,4.0,439506.0088737909,-0.08738526154775172,-1.1816155165433884e-08,-0.008907773858078666
152.12000000332046,31804421299.138485,-18.119103106876494,130.59353191193728,0.0,0.0,4.0,4.0,439505.92148851865,-0.08738527225796133,-1.0710209608078003e-08,-0.008907774949843152
153.12000000334228,31804415539.66339,-18.119105219436968,130.59270569998776,0.0,0.0,4.0,4.0,439505.833968341,-0.08752017765073106,-0.00013490539276972413,-0.008921526773774826
154.14000000336455,31804409664.999493,-18.11910737424874,130.59186296380415,0.0,0.0,4.0,4.0,439505.7466108506,-0.0873574903816916,0.00016268726903945208,-0.008904942954300877
155.1600000033868,31804403790.33652,-18.119109529060147,130.59102022762565,0.0,0.0,4.0,4.0,439505.65319114615,-0.09341970446985215,-0.006062214088160545,-0.009522905654419178
156.18000000340908,31804397915.66879,-18.119111683874184,130.5901774914495,0.0,0.0,4.0,4.0,439505.57303074026,-0.08016040589427575,0.013259298575576395,-0.008171295198193247
157.20000000343134,31804392040.99567,-18.119113838694364,130.58933475525657,0.0,0.0,4.0,4.0,439505.50567416876,-0.06735657149692997,0.012803834397345781,-0.0068661133024393445
158.20000000345317,31804386281.508633,-18.119115951267048,130.5885085433117,0.0,0.0,4.0,4.0,439505.3890136938,-0.1166604749741964,-0.04930390347726643,-0.0118919954102137
159.22000000347543,31804380406.820473,-18.119118106093985,130.5876658071678,0.0,0.0,4.0,4.0,439505.307912807,-0.0811008868040517,0.03555958817014471,-0.008267164811829939
160.2400000034977,31804374532.14176,-18.119120260937358,130.58682307100034,0.0,0.0,4.0,4.0,439505.2274557132,-0.08045709377620369,0.0006437930278480053,-0.008201538611233811
161.26000000351996,31804368657.470192,-18.119122415833548,130.585980334879,0.0,0.0,4.0,4.0,439505.0945295245,-0.13292618870036677,-0.05246909492416307,-0.013550070203910984
162.28000000354223,31804362782.807217,-18.119124570780073,130.58513759878574,0.0,0.0,4.0,4.0,439505.0186033391,-0.07592618541093543,0.057000003289431334,-0.007739672315080064
163.3000000035645,31804356908.14342,-18.11912672572792,130.58429486269608,0.0,0.0,4.0,4.0,439504.9179430665,-0.10066027258289978,-0.024734087171964347,-0.01026098599214065
164.32000000358676,31804351033.470787,-18.11912888066347,130.58345212663315,0.0,0.0,4.0,4.0,439504.8301614865,-0.08778157999040559,0.01287869259249419,-0.00894817329158059
165.34000000360902,31804345158.7973,-18.119131035598112,130.58260939057368,0.0,0.0,4.0,4.0,439504.7421725772,-0.08798890933394432,-0.00020732934353873134,-0.008969307781237952
166.36000000363128,31804339284.126686,-18.119133190552223,130.58176665450662,0.0,0.0,4.0,4.0,439504.65827530687,-0.08389727032044902,0.004091639013495296,-0.008552219196783794
167.38000000365355,31804333409.4557,-18.119135345508475,130.58092391844144,0.0,0.0,4.0,4.0,439504.56919341296,-0.08908189390785992,-0.005184623587410897,-0.00908072313026095
168.4000000036758,31804327534.78429,-18.119137500466877,130.58008118237834,0.0,0.0,4.0,4.0,439504.48432289343,-0.08487051952397451,0.004211374383885413,-0.008651429105400052
169.42000000369808,31804321660.11575,-18.11913965544453,130.57923844630517,0.0,0.0,4.0,4.0,439504.40399892075,-0.08032397268107161,0.004546546842902899,-0.00818796867289211
170.44000000372034,31804315785.442223,-18.119141810416735,130.57839571024772,0.0,0.0,4.0,4.0,439504.30364897946,-0.10034994129091501,-0.020025968609843403,-0.01022935181354893
171.4600000037426,31804309910.767147,-18.119143965387178,130.57755297419527,0.0,0.0,4.0,4.0,439504.2187940429,-0.08485493657644838,0.015495004714466631,-0.008649840629607377
172.48000000376487,31804304036.091972,-18.119146120359172,130.5767102381435,0.0,0.0,4.0,4.0,439504.12750293675,-0.09129110613139346,-0.0064361695549450815,-0.009305923153047244
173.50000000378714,31804298161.41443,-18.119148275329568,130.5758675020994,0.0,0.0,4.0,4.0,439504.0441259664,-0.08337697037495673,0.007914135756436735,-0.008499181485724436
174.5200000038094,31804292286.733917,-18.119150430299182,130.57502476606234,0.0,0.0,4.0,4.0,439503.9531837396,-0.09094222675776109,-0.007565256382804364,-0.009270359506397664
175.54000000383166,31804286412.052814,-18.119152585269372,130.57418203002794,0.0,0.0,4.0,4.0,439503.86526339315,-0.08792034647194669,0.0030218802858144045,-0.008962318702542984
176.56000000385393,31804280537.371983,-18.119154740240422,130.57333929399465,0.0,0.0,4.0,4.0,439503.78109604446,-0.08416734868660569,0.0037529977853409946,-0.008579750120958785
177.56000000387576,31804274777.879642,-18.11915685295726,130.57251308220145,0.0,0.0,4.0,4.0,439503.6932144845,-0.08788155997171998,-0.0037142112851142883,-0.008958364930858305
178.58000000389802,31804268903.19692,-18.119159007929053,130.57167034617495,0.0,0.0,4.0,4.0,439503.60709237185,-0.08612211263971403,0.0017594473320059478,-0.008779012501499902
179.6000000039203,31804263028.51382,-18.119161162901552,130.5708276101507,0.0,0.0,4.0,4.0,439503.519500429,-0.0875919428654015,-0.001469830225687474,-0.008928842290051121
180.62000000394255,31804257153.829967,-18.1191633178745,130.5699848741294,0.0,0.0,4.0,4.0,439503.43211449904,-0.087385929946322,0.00020601291907951236,-0.0089078419924895
181.64000000396481,31804251279.14543,-18.119165472847985,130.56914213811095,0.0,0.0,4.0,4.0,439503.3447285619,-0.08738593716407195,-7.2177499532699585e-09,-0.008907842728243827
182.64000000398664,31804245519.65014,-18.119167585567588,130.568315926331,0.0,0.0,4.0,4.0,439503.2590560627,-0.08567249914631248,0.0017134380177594721,-0.008733180341112382
183.6600000040089,31804239644.964264,-18.119169740542098,130.56747319031814,0.0,0.0,4.0,4.0,439503.1716701048,-0.0873859579442069,-0.0017134587978944182,-0.00890784484650427
184.68000000403117,31804233770.27321,-18.11917189551402,130.56663045431682,0.0,0.0,4.0,4.0,439503.0733627631,-0.09830734168644994,-0.010921383742243052,-0.010021135747854223
185.680000004053,31804228010.76683,-18.119174008227,130.5658042425624,0.0,0.0,4.0,4.0,439502.9855478265,-0.08781493658898398,0.010492405097465962,-0.008951573556471354
186.70000000407526,31804222136.001358,-18.119176163362045,130.56496150672885,0.0,0.0,4.0,4.0,439502.5484143176,-0.437133508909028,-0.34931857232004404,-0.04455999071447788
187.72000000409753,31804216260.93862,-18.119178319168554,130.56411877155847,0.0,0.0,4.0,4.0,439502.3903544074,-0.15805991017259657,0.27907359873643145,-0.01611212132238497
188.76000000412023,31804210270.67685,-18.119180517267008,130.56325951217613,0.0,0.0,4.0,4.0,439502.31427415734,-0.07608025008812547,0.0819796600844711,-0.00775537717514021
189.7800000041425,31804204395.624996,-18.11918267312522,130.56241677699222,0.0,0.0,4.0,4.0,439502.2210089413,-0.09326521604089066,-0.017184965952765197,-0.009507157598459803
190.78000000416432,31804198635.792633,-18.119184786869845,130.56159056600018,0.0,0.0,4.0,4.0,439502.30329576076,0.08228681946638972,0.17555203550728038,0.008388054991477035
191.8000000041866,31804192761.4022,-18.119186945618132,130.56074782979488,0.0,0.0,4.0,4.0,439502.9959141277,0.6926183669129387,0.6103315474465489,0.07060329937950445
192.82000000420885,31804186888.007298,-18.119189109444754,130.55990509214058,0.0,0.0,4.0,4.0,439503.64675876114,0.6508446334628388,-0.041773733450099826,0.06634501870161455
193.84000000423111,31804181015.687992,-18.11919127925893,130.55906235299238,0.0,0.0,4.0,4.0,439504.189563589,0.5428048278554343,-0.10803980560740456,0.055331786733479535
194.86000000425338,31804175143.706,-18.119193450858017,130.5582196133625,0.0,0.0,4.0,4.0,439504.1046258411,-0.08493774791713804,-0.6277425757725723,-0.00865828215261346
195.88000000427564,31804169271.7511,-18.119195622434702,130.55737687373602,0.0,0.0,4.0,4.0,439504.01339504204,-0.09123079903656617,-0.006293051119428128,-0.009299775640832432
196.9000000042979,31804163399.818798,-18.11919779398222,130.55653413411602,0.0,0.0,4.0,4.0,439503.9312056965,-0.0821893455577083,0.009041453478857875,-0.008378118813222047
197.90000000431974,31804157643.39118,-18.11919992131227,130.5557079190134,0.0,0.0,4.0,4.0,439503.47920582927,-0.45199986721854657,-0.3698105216608383,-0.04607541969608018
198.94000000434244,31804151656.85121,-18.119202124548327,130.55484865630262,0.0,0.0,4.0,4.0,439502.88668135833,-0.5925244709360413,-0.14052460371749476,-0.06040004800571267
199.9600000043647,31804145785.100655,-18.11920427890568,130.55400591843718,0.0,0.0,4.0,4.0,439502.690602495,-0.19607886334415525,0.3964456075918861,-0.01998765171703927
200.98000000438697,31804139913.25076,-18.11920643143942,130.55316318074628,0.0,0.0,4.0,4.0,439502.48316001036,-0.20744248462142423,-0.011363621277268976,-0.021146022897189014
202.00000000440923,31804134041.240395,-18.11920858157521,130.55232044330472,0.0,0.0,4.0,4.0,439502.26573550387,-0.2174245064961724,-0.00998202187474817,-0.022163558256490558
203.0200000044315,31804128169.148495,-18.119210730550982,130.55147770599305,0.0,0.0,4.0,4.0,439502.1771356493,-0.08859985455637798,0.12882465193979442,-0.009031585581689906
204.04000000445376,31804122297.093292,-18.11921287952687,130.55063496867612,0.0,0.0,4.0,4.0,439502.0954905468,-0.08164510253118351,0.006954752025194466,-0.008322640421119623
205.06000000447602,31804116425.06254,-18.119215028511686,130.54979223135598,0.0,0.0,4.0,4.0,439502.0078790345,-0.08761151228100061,-0.005966409749817103,-0.008930837133639206
206.06000000449785,31804110668.182255,-18.11921713531857,130.54896601829998,0.0,0.0,4.0,4.0,439501.92203878256,-0.08584025193704292,0.0017712603439576924,-0.008750280523653712
207.08000000452012,31804104796.185543,-18.11921928424378,130.54812328098225,0.0,0.0,4.0,4.0,439501.8369468522,-0.0850919303484261,0.0007483215886168182,-0.00867399901614945
208.08000000454194,31804099039.333054,-18.119221391029765,130.54729706792838,0.0,0.0,4.0,4.0,439501.7502668299,-0.08668002230115235,-0.001588091952726245,-0.008835884026621034
209.1000000045642,31804093167.34162,-18.119223539952422,130.54645433061629,0.0,0.0,4.0,4.0,439501.66337329696,-0.08689353294903412,-0.0002135106478817761,-0.008857648618657912
210.12000000458647,31804087295.349503,-18.119225688875584,130.54561159330697,0.0,0.0,4.0,4.0,439501.575983388,-0.08738990896381438,-0.0004963760147802532,-0.008908247600796572
211.1200000046083,31804081538.493805,-18.11922779566349,130.54478538026123,0.0,0.0,4.0,4.0,439501.4904364054,-0.08554698259104043,0.0018429263727739453,-0.008720385585223285
212.14000000463056,31804075666.5003,-18.1192299445877,130.54394264295746,0.0,0.0,4.0,4.0,439501.4030607297,-0.08737567573552951,-0.0018286931444890797,-0.008906796711063151
213.16000000465283,31804069794.50618,-18.11923209351237,130.54309990565642,0.0,0.0,4.0,4.0,439501.31580575806,-0.08725497161503881,0.0001207041204907,-0.008894492519371949
214.1800000046751,31804063922.511368,-18.119234242437575,130.5422571683583,0.0,0.0,4.0,4.0,439501.22851103026,-0.08729472779668868,-3.975618164986372e-05,-0.008898545137277133
215.18000000469692,31804058165.653103,-18.119236349227425,130.54143095532353,0.0,0.0,4.0,4.0,439501.1428412766,-0.08566975366557017,0.0016249741311185062,-0.008732900475593289
216.22000000471962,31804052178.51981,-18.119238540289416,130.54057169377037,0.0,0.0,4.0,4.0,439501.0538566146,-0.08898466196842492,-0.0033149083028547466,-0.009070811617576443
217.26000000474232,31804046191.385876,-18.119240731351884,130.53971243222009,0.0,0.0,4.0,4.0,439500.96475859126,-0.08909802336711437,-0.00011336139868944883,-0.009082367315709924
218.2800000047646,31804040319.388462,-18.11924288027905,130.5388696949333,0.0,0.0,4.0,4.0,439500.8775226783,-0.08723591297166422,0.001862110395450145,-0.008892549742269542
219.30000000478685,31804034447.39036,-18.119245029206702,130.53802695764918,0.0,0.0,4.0,4.0,439500.7901346036,-0.08738807466579601,-0.0001521616941317916,-0.008908060618327829
220.32000000480912,31804028575.391556,-18.119247178134916,130.53718422036795,0.0,0.0,4.0,4.0,439500.7028017042,-0.08733289944939315,5.5175216402858496e-05,-0.008902436233373409
221.34000000483138,31804022703.392094,-18.119249327063592,130.53634148308956,0.0,0.0,4.0,4.0,439500.61549817375,-0.0873035304248333,2.936902455985546e-05,-0.008899442449014607
222.3400000048532,31804016946.529247,-18.119251433856853,130.53551527007437,0.0,0.0,4.0,4.0,439500.5298575164,-0.0856406573439017,0.001662873080931604,-0.008729934489694361
223.36000000487547,31804011074.528534,-18.119253582786413,130.53467253280164,0.0,0.0,4.0,4.0,439500.44246579526,-0.0873917211429216,-0.001751063799019903,-0.008908432328534312
224.38000000489774,31804005202.527126,-18.119255731716525,130.53382979553186,0.0,0.0,4.0,4.0,439500.3550959265,-0.0873698687646538,2.1852378267794847e-05,-0.008906204767039122
225.40000000492,31803999330.525078,-18.119257880647055,130.53298705826472,0.0,0.0,4.0,4.0,439500.26790155814,-0.08719436835963279,0.00017550040502101183,-0.008888314817495697
226.42000000494227,31803993458.522343,-18.119260029578147,130.5321443210005,0.0,0.0,4.0,4.0,439500.18048180453,-0.08741975360317156,-0.0002253852435387671,-0.008911289867805459
227.4200000049641,31803987701.656235,-18.119262136373923,130.53131810799914,0.0,0.0,4.0,4.0,439500.094840217,-0.08564158756053075,0.0017781660426408052,-0.008730029313000076
228.44000000498636,31803981829.62749,-18.119264285337778,130.53047537074346,0.0,0.0,4.0,4.0,439500.0030091378,-0.09183107916032895,-0.0061894915997982025,-0.00936096627526289
229.46000000500862,31803975957.565777,-18.119266434323517,130.52963263350102,0.0,0.0,4.0,4.0,439499.91836382356,-0.08464531425852329,0.007185764901805669,-0.008628472401480456
230.4800000050309,31803970085.505547,-18.119268583357243,130.5287898962461,0.0,0.0,4.0,4.0,439499.83645876095,-0.08190506260143593,0.002740251657087356,-0.008349139918596935
231.50000000505315,31803964213.432293,-18.119270732433268,130.52794715898906,0.0,0.0,4.0,4.0,439499.7505401281,-0.08591863285982981,-0.004013570258393884,-0.008758270424039736
232.52000000507542,31803958341.287903,-18.119272881430497,130.5271044217964,0.0,0.0,4.0,4.0,439499.5370528397,-0.21348728839075193,-0.12756865553092211,-0.021762210845132714
233.52000000509724,31803952583.85945,-18.119274987689128,130.52627820927233,0.0,0.0,4.0,4.0,439499.2101961346,-0.32685670512728393,-0.113369416736532,-0.033318726312669106
234.5400000051195,31803946710.783577,-18.11927713539664,130.5254354729871,0.0,0.0,4.0,4.0,439498.86900022504,-0.3411959095392376,-0.014339204411953688,-0.034780418913276004
235.56000000514177,31803940837.1932,-18.119279282451554,130.5245927372033,0.0,0.0,4.0,4.0,439498.52622169285,-0.3427785321837291,-0.0015826226444914937,-0.034941746399972384
236.58000000516404,31803934962.83916,-18.11928142860731,130.52375000216045,0.0,0.0,4.0,4.0,439497.9880692114,-0.5381524814292789,-0.19537394924554974,-0.05485754143009978
237.6000000051863,31803929088.06956,-18.11928357428917,130.52290726752247,0.0,0.0,4.0,4.0,439497.9006763526,-0.08739285881165415,0.4507596226176247,-0.00890854829884344
238.62000000520857,31803923213.303745,-18.119285719959706,130.52206453288883,0.0,0.0,4.0,4.0,439497.81051651994,-0.0901598326745443,-0.002766973862890154,-0.00919060475785365
239.64000000523083,31803917338.570087,-18.119287865575266,130.52122179825835,0.0,0.0,4.0,4.0,439497.72608336224,-0.08443315769545734,0.005726674979086965,-0.008606845840515529
240.6600000052531,31803911463.83887,-18.11929001116578,130.52037906363847,0.0,0.0,4.0,4.0,439497.6264509329,-0.09963242936646566,-0.015199271671008319,-0.010156210944593848
241.68000000527536,31803905589.1034,-18.119292156708283,130.51953632903846,0.0,0.0,4.0,4.0,439497.53400628903,-0.09244464384391904,0.007187785522546619,-0.009423511095200718
242.72000000529806,31803899599.183384,-18.11929434428749,130.51867707024226,0.0,0.0,4.0,4.0,439497.4411691304,-0.09283715864876285,-0.0003925148048438132,-0.009463522798039026
243.74000000532033,31803893724.45431,-18.11929648979619,130.51783433565868,0.0,0.0,4.0,4.0,439497.35461203154,-0.08655709883896634,0.006280059809796512,-0.008823353602341115
244.7600000053426,31803887849.724403,-18.119298635305885,130.51699160107773,0.0,0.0,4.0,4.0,439497.2673577795,-0.0872542520519346,-0.00069715321296826,-0.008894419169412294
245.78000000536485,31803881974.9938,-18.11930078081584,130.51614886649952,0.0,0.0,4.0,4.0,439497.17990930803,-0.08744847145862877,-0.0001942194066941738,-0.008914217274070211
246.80000000538712,31803876100.262505,-18.11930292632642,130.51530613192423,0.0,0.0,4.0,4.0,439497.0925468127,-0.08736249530920759,8.597614942118526e-05,-0.008905453140592006
247.80000000540895,31803870340.721363,-18.119305029768718,130.514479921559,0.0,0.0,4.0,4.0,439497.0076234643,-0.0849233484477736,0.002439146861433983,-0.008656814316796494
248.8200000054312,31803864465.978516,-18.119307175330395,130.51363718697908,0.0,0.0,4.0,4.0,439496.92679677595,-0.08082668832503259,0.004096660122741014,-0.008239213896537471
249.84000000545348,31803858591.215855,-18.119309320943973,130.51279445240024,0.0,0.0,4.0,4.0,439496.8441268294,-0.0826699465396814,-0.001843258214648813,-0.008427109739009318
250.86000000547574,31803852716.468605,-18.119311466588453,130.51195171779884,0.0,0.0,4.0,4.0,439496.770706568,-0.07342026144033298,0.009249685099348426,-0.007484226446517123
251.880000005498,31803846841.72251,-18.11931361227677,130.51110898318268,0.0,0.0,4.0,4.0,439496.6693602199,-0.10134634806308895,-0.027926086622755975,-0.010330922330590107
252.90000000552027,31803840966.6341,-18.119315758011755,130.51026624888127,0.0,0.0,4.0,4.0,439496.29595063505,-0.3734095848631114,-0.2720632368000224,-0.038064177865760586
253.9000000055421,31803835206.147106,-18.119317861785557,130.5094400393275,0.0,0.0,4.0,4.0,439495.9336718436,-0.36227879143552855,0.01113079342758283,-0.03692954041136886
254.9400000055648,31803829214.616356,-18.119320049879157,130.5085807819598,0.0,0.0,4.0,4.0,439495.5592918684,-0.3743799751973711,-0.012101183761842549,-0.0381630963503946
255.96000000558706,31803823337.692406,-18.11932219611088,130.50773804932993,0.0,0.0,4.0,4.0,439495.1950808316,-0.36421103682368994,0.010168938373681158,-0.037126507321477056
256.9800000056093,31803817460.236446,-18.119324342571744,130.50689531718126,0.0,0.0,4.0,4.0,439494.97053734405,-0.22454348753672093,0.139667549286969,-0.022889244397219257
258.0000000056316,31803811582.70114,-18.11932648906855,130.50605258510674,0.0,0.0,4.0,4.0,439494.87885108445,-0.0916862596059218,0.13285722793079913,-0.009346203833427299
259.02000000565386,31803805705.16643,-18.119328635503887,130.5052098530596,0.0,0.0,4.0,4.0,439494.77800941316,-0.10084167128661647,-0.00915541168069467,-0.010279477195373749
260.0200000056757,31803799942.88205,-18.119330739806866,130.50438364518462,0.0,0.0,4.0,4.0,439494.6820950799,-0.09591433324385434,0.0049273380427621305,-0.00977720012679453
261.04000000569795,31803794065.329388,-18.119332886181194,130.50354091318596,0.0,0.0,4.0,4.0,439494.58005230245,-0.10204277746379375,-0.006128444219939411,-0.010401914114555938
262.0600000057202,31803788187.76561,-18.11933503252226,130.50269818121387,0.0,0.0,4.0,4.0,439494.48391091014,-0.09614139230689034,0.005901385156903416,-0.009800345800906253
263.0800000057425,31803782310.199615,-18.11933717885327,130.50185544925333,0.0,0.0,4.0,4.0,439494.39614517987,-0.0877657302771695,0.008375662029720843,-0.00894655762254531
264.10000000576474,31803776432.633244,-18.119339325186754,130.5010127172945,0.0,0.0,4.0,4.0,439494.3087480244,-0.08739715546835214,0.0003685748088173568,-0.008908986286274427
265.120000005787,31803770555.066147,-18.119341471520702,130.50016998533857,0.0,0.0,4.0,4.0,439494.2212529094,-0.08749511500354856,-9.795953519642353e-05,-0.008918971967741954
266.14000000580927,31803764677.498413,-18.119343617855264,130.49932725338545,0.0,0.0,4.0,4.0,439494.1339158569,-0.08733705250779167,0.00015806249575689435,-0.008902859582853381
267.1400000058311,31803758915.176445,-18.11934572210534,130.498501045591,0.0,0.0,4.0,4.0,439494.0482252858,-0.08569057111162692,0.001646481396164745,-0.00873502253941151
268.1400000058529,31803753037.60732,-18.119347868440855,130.4976583136435,0.0,0.0,4.0,4.0,439493.9608202017,-0.08740508405026048,-0.0017145129386335611,-0.008909794500536236
269.1800000058756,31803747160.037384,-18.119350014776728,130.4968155816987,0.0,0.0,4.0,4.0,439493.8736046012,-0.08721560053527355,0.00018948351498693228,-0.00889047915752024
270.2000000058979,31803741282.466766,-18.11935216111314,130.49597284975664,0.0,0.0,4.0,4.0,439493.78619512,-0.08740948117338121,-0.00019388063810765743,-0.008910242729192783
271.2000000059197,31803735520.142048,-18.11935426536513,130.49514664197298,0.0,0.0,4.0,4.0,439493.7004283469,-0.08576677308883518,0.0016427080845460296,-0.008742790325059651
272.220000005942,31803729642.580944,-18.11935641172593,130.4943039100152,0.0,0.0,4.0,4.0,439493.63782515464,-0.06260319228749722,0.023163580801337957,-0.006381569040519594
273.24000000596425,31803723765.033386,-18.119358558149866,130.4934611780245,0.0,0.0,4.0,4.0,439493.55635118793,-0.08147396671120077,-0.01887077442370355,-0.008305195383404768
274.2600000059865,31803717887.502617,-18.11936070456506,130.49261844601736,0.0,0.0,4.0,4.0,439493.4866744198,-0.0696767681511119,0.011797198560088873,-0.00710262672284525
275.2800000060088,31803712009.90166,-18.119362851288148,130.4917757140518,0.0,0.0,4.0,4.0,439493.2312943651,-0.2553800547029823,-0.1857032865518704,-0.02603262535198596
276.30000000603104,31803706131.32282,-18.1193650013726,130.49093298285425,0.0,0.0,4.0,4.0,439492.6328270023,-0.5984673627535813,-0.34308730805059895,-0.06100584737549248
277.30000000605287,31803700366.573875,-18.119367114895446,130.490106776845,0.0,0.0,4.0,4.0,439492.05617634277,-0.5766506595537066,0.02181670319987461,-0.0587819224825389
278.32000000607513,31803694485.78303,-18.119369273789328,130.4892640472643,0.0,0.0,4.0,4.0,439491.92532616574,-0.13085017702542245,0.4458004825282842,-0.013338448218697497
279.3400000060974,31803688604.96189,-18.11937143272287,130.4884213177271,0.0,0.0,4.0,4.0,439491.8063505868,-0.11897557892370969,0.011874598101712763,-0.012127989696606492
280.36000000611966,31803682723.972824,-18.119373591200986,130.48757858862703,0.0,0.0,4.0,4.0,439491.0585253385,-0.7478252483415417,-0.628849669417832,-0.07623091216529478
281.3600000061415,31803676843.050823,-18.119375741680795,130.48673586159444,0.0,0.0,4.0,4.0,439489.7807000254,-1.2778253130964004,-0.5300000647548586,-0.13025742233398577
282.4000000061642,31803670959.253124,-18.119377891643914,130.4858931318849,0.0,0.0,4.0,4.0,439493.77431769465,3.993617669271771,5.271442982368171,0.4070966023722498
283.42000000618646,31803665075.30709,-18.119380041953153,130.48505039682524,0.0,0.0,4.0,4.0,439493.76082797546,-0.013489719189237803,-4.007107388461009,-0.0013750987960487056
284.4400000062087,31803659191.524517,-18.119382189384677,130.48420766389305,0.0,0.0,4.0,4.0,439492.9921642301,-0.7686637453734875,-0.7551740261842497,-0.07835512185254714
285.460000006231,31803653307.658123,-18.119384336578506,130.48336493133408,0.0,0.0,4.0,4.0,439492.8989380312,-0.09322619886370376,0.6754375465097837,-0.009503180312304155
286.4400000062524,31803647654.53916,-18.11938639957545,130.4825552471362,0.0,0.0,4.0,4.0,439492.7997439721,-0.09919405914843082,-0.005967860284727067,-0.010111524887709564
287.5000000062755,31803641539.942078,-18.119388630982264,130.48167946629079,0.0,0.0,4.0,4.0,439492.7059248642,-0.09381910786032677,0.005374951288104057,-0.009563619557627601
288.5200000062978,31803635656.081963,-18.119390778186304,130.48083673378446,0.0,0.0,4.0,4.0,439492.6178919086,-0.08803295559482649,0.005786152265500277,-0.008973797716088326
289.54000000632004,31803629772.22515,-18.119392925388155,130.47999400126798,0.0,0.0,4.0,4.0,439492.55513065465,-0.06276125396834686,0.025271701626479626,-0.00639768134233913
290.58000000634274,31803623773.024307,-18.119395114688466,130.47913474452938,0.0,0.0,4.0,4.0,439492.47644686827,-0.078683786385227,-0.01592253241688013,-0.00802077333182742
291.600000006365,31803617889.178295,-18.119397261819156,130.47829201195867,0.0,0.0,4.0,4.0,439492.3952759782,-0.0811708900728263,-0.0024871036875993013,-0.008274300720981273
292.6200000063873,31803612005.317787,-18.11939940886826,130.47744927938874,0.0,0.0,4.0,4.0,439492.3053554654,-0.08992051280802116,-0.008749622735194862,-0.009166209256679016
293.64000000640954,31803606121.467022,-18.119401555916294,130.47660654680118,0.0,0.0,4.0,4.0,439492.2389959468,-0.06635951856151223,0.023560994246508926,-0.006764476917585345
294.6600000064318,31803600237.483585,-18.1194037024742,130.47576381423667,0.0,0.0,4.0,4.0,439492.0409016491,-0.1980942977243103,-0.13173477916279808,-0.020193098646718685
295.68000000645407,31803594352.85834,-18.119405846773677,130.47492108237418,0.0,0.0,4.0,4.0,439491.2990675541,-0.7418340949807316,-0.5437397972564213,-0.07562019316827029
296.70000000647633,31803588467.648445,-18.119407988970938,130.47407835238425,0.0,0.0,4.0,4.0,439489.950614434,-1.3484531200956553,-0.6066190251149237,-0.13745699491291083
297.70000000649816,31803582697.60328,-18.119410088409527,130.47325214831753,0.0,0.0,4.0,4.0,439489.50646187825,-0.4441525557776913,0.904300564317964,-0.04527548988559544
298.7200000065204,31803576812.131447,-18.119412229771438,130.4724094203252,0.0,0.0,4.0,4.0,439489.414772717,-0.09168916125781834,0.35246339451987296,-0.009346499618533979
299.7400000065427,31803570926.660282,-18.11941437111649,130.4715666923458,0.0,0.0,4.0,4.0,439489.3171906836,-0.09758203336969018,-0.005892872111871839,-0.009947200139621833
300.76000000656495,31803565041.18531,-18.119416512482047,130.4707239643973,0.0,0.0,4.0,4.0,439489.2152506479,-0.101940035703592,-0.004358002333901823,-0.01039144094837839
301.7800000065872,31803559155.72909,-18.119418653829634,130.4698812364545,0.0,0.0,4.0,4.0,439489.1359756847,-0.07927496323827654,0.02266507246531546,-0.00808103600797926
302.8000000066095,31803553270.302628,-18.11942079515778,130.46903850851396,0.0,0.0,4.0,4.0,439489.04394474544,-0.09203093923861161,-0.012755976000335068,-0.009381339371927788
303.82000000663174,31803547384.875492,-18.119422936436376,130.46819578057207,0.0,0.0,4.0,4.0,439488.9628887579,-0.0810559875681065,0.010974951670505106,-0.008262587927431855
304.840000006654,31803541499.48037,-18.119425077725893,130.4673530526209,0.0,0.0,4.0,4.0,439488.90029979777,-0.06258896010695025,0.01846702746115625,-0.0063801182575892205
305.8600000066763,31803535614.691124,-18.119427220118546,130.46651032451558,0.0,0.0,4.0,4.0,439488.88945767836,-0.010842119401786476,0.05174684070516378,-0.00110521094819434
306.88000000669854,31803529731.148663,-18.11942936401373,130.46566759645626,0.0,0.0,4.0,4.0,439488.6370734193,-0.2523842590744607,-0.24154213967267424,-0.02572724353460354
307.9000000067208,31803523848.687202,-18.11943150856477,130.46482486873313,0.0,0.0,4.0,4.0,439488.4445721856,-0.19250123371602967,0.05988302535843104,-0.019622959604080496
308.92000000674307,31803517966.343506,-18.11943365318892,130.46398214104633,0.0,0.0,4.0,4.0,439488.36077824805,-0.08379393751965836,0.10870729619637132,-0.008541685781820423
309.94000000676533,31803512084.006,-18.119435797800946,130.46313941337252,0.0,0.0,4.0,4.0,439488.26427868166,-0.0964995663962327,-0.012705628876574337,-0.009836856921124636
310.98000000678803,31803506086.33533,-18.119437984452546,130.46228016163988,0.0,0.0,4.0,4.0,439488.1735044306,-0.09077425103168935,0.0057253153645433486,-0.009253236598541218
312.0000000068103,31803500204.003937,-18.119440129053505,130.4614374339821,0.0,0.0,4.0,4.0,439488.0865843865,-0.08692004415206611,0.0038542068796232343,-0.008860351085837524
313.02000000683256,31803494321.6713,-18.11944227365572,130.46059470632648,0.0,0.0,4.0,4.0,439487.99946697336,-0.08711741311708465,-0.00019736896501854062,-0.008880470246389872
